Experiment,Average_Gain
1,97.00000000000003
2,94.00000000000006
3,97.00000000000003
4,98.80000000000001
5,97.00000000000003
6,97.00000000000003
7,97.60000000000002
8,93.40000000000006
9,95.20000000000005
10,97.00000000000003
