Experiment,Average_Gain
1,62.200000000000344
2,93.40000000000006
3,53.80000000000032
4,74.80000000000024
5,61.00000000000033
6,73.00000000000026
7,73.60000000000025
8,63.40000000000034
9,72.40000000000026
10,85.00000000000014
